package_name,app_name,label,developer,permissions
com.miHoYo.Yuanshen,原神,开放世界/二次元/角色扮演,miHoYo,<NONE>
com.lingxigames.zszs.cn.tap,宗师之上,放置/养成/竖屏,广州灵犀互动娱乐有限公司,<NONE>
com.netease.x19,我的世界：移动版,沙盒/开放世界/像素,网易游戏,<NONE>
com.hottagames.yh.laohu,异环,开放世界/都市/角色扮演,Hotta  Studio,<NONE>
com.kurogame.mingchao,鸣潮,开放世界/动作/ARPG,库洛游戏,<NONE>
com.netease.sky,光·遇,唯美/治愈/艺术,网易游戏,<NONE>
com.PigeonGames.Phigros,Phigros,音游/手速/节奏,鸽游,<NONE>
com.popcap.pvz2cthdbk,植物大战僵尸2,僵尸/塔防/单机,拓维游戏,<NONE>
com.baitian.color.bt,乱涂彩世界,解压/涂色/二次元,百奥游戏,<NONE>
com.longtime.mafia,单机狼人杀,策略,很长时间工作室,<NONE>
com.ysgd.tt20,耀世格斗,动作/3D/横版,满屏闪光工作室,<NONE>
com.xd.xdt,心动小镇,模拟经营/治愈/多人联机,心动,<NONE>
com.miHoYo.hkrpg,崩坏：星穹铁道,角色扮演/冒险/策略,miHoYo,<NONE>
com.sofunny.Sausage,香肠派对,射击/吃鸡/战斗,真有趣游戏,<NONE>
com.tencent.nrc,洛克王国：世界,抓宠/回合制/养成,腾讯,<NONE>
com.pi.czrxdfirst,超自然行动组,合作/密室/盗墓,巨人网络,<NONE>
com.netease.yyslscn,燕云十六声,开放世界/动作/武侠,EVERSTONE,<NONE>
com.dodofast.climberanimals,攀爬动物,可爱/平台跳跃/动作,Zero Studios,<NONE>
com.refishlife.app,从零开始的钓鱼人生Lift,钓鱼/轻度Roguelike/养成,风和日丽游戏工作室,<NONE>
com.netease.party,蛋仔派对,多人联机/派对游戏/竞技,网易游戏,<NONE>
com.tencent.tmgp.dfm,三角洲行动,搜打撤/生存/射击,腾讯,<NONE>
com.xd.terraria,泰拉瑞亚,Steam移植/沙盒/买断制,心动,<NONE>
com.tencent.ngr,王者荣耀世界,角色扮演/ARPG/冒险,腾讯,<NONE>
com.tencent.tmgp.sgame,王者荣耀,MOBA/5v5/多人联机,腾讯,<NONE>
com.hypergryph.arknights,明日方舟,塔防/二次元/养成,鹰角网络,<NONE>
com.miHoYo.Nap,绝区零,二次元/ARPG/高画质,miHoYo,<NONE>
com.tencent.nikke,胜利女神：新的希望,二次元/卡牌/末日,腾讯,<NONE>
com.D2Game.PGE,练枪皇帝,模拟/射击/单机,D2游戏会,<NONE>
com.molehole.zaiwanyiguan,再玩亿关,拼图/解谜/益智,地鼠洞游戏,<NONE>
com.tencent.tmgp.codev,无畏契约：源能行动,竞技/射击/动作,腾讯,<NONE>
com.hermes.reflash,镭明闪击,3D/策略/科幻,朝夕光年,<NONE>
com.tencent.tmgp.dnf,地下城与勇士：起源,2D/横版/角色扮演,腾讯,<NONE>
com.xindong.tapaim,TapAim,模拟,牛角工作室,<NONE>
com.ChillyRoom.DungeonShooter,元气骑士,Roguelike/地牢/像素,凉屋游戏,<NONE>
com.farrus.kgh3,开个荒,冒险,艾斯尼斯,<NONE>
com.jgsz.ddxt.official,大道仙途,修仙/放置/竖屏,六爻工作室,<NONE>
com.HaloGames.Survivors999,999秒!幸存者,割草Roguelike/轻度Roguelike/弹幕射击,哈洛游戏工作室,<NONE>
com.netease.dwrg,第五人格,刺激/高画质/3D,网易游戏,<NONE>
com.leiting.zjcs,杖剑传说,放置/角色扮演/冒险,雷霆游戏,<NONE>
com.hypergryph.endfield,明日方舟：终末地,二次元/角色扮演/模拟经营,鹰角开拓者,<NONE>
com.sky.zzcc.zzt,祖宗模拟器：传承,单机/模拟经营/放置,SKY工作室,<NONE>
com.xinhuogame.littlenightmares,小小梦魇,Steam移植/恐怖/冒险,心火游戏,<NONE>
com.rebirthhoarder.game,末世：我有一辆房车,剧情/养成/文字,光年切片工作室,<NONE>
com.kurogame.haru.hero,战双帕弥什,高画质/动作/二次元,库洛游戏,<NONE>
com.metaorigin.backroomsdeep,后室：深入探索,多人联机/恐怖/解谜,超元科技工作室,<NONE>
com.Hezi.project1,我独自生活,养成/经营/模拟,蜗壳工作室,<NONE>
com.jiawentech.pizzabusiness,可口的比萨,模拟经营/经营/美食,嘉文时代（北京）科技有限公司,<NONE>
com.bilibili.azurlane,碧蓝航线,二次元/美少女/养成,哔哩哔哩游戏,<NONE>
com.zy.wqmt.cn,无期迷途,塔防/即时战术/剧情,上海自意网络科技有限公司,<NONE>
com.ElectronicIngenuity.PixelWarGrounds,像素枪战大战场,单机/射击/动作,电子匠心工作室,<NONE>
com.chenz.leisure.gn,我的休闲时光,休闲/竖屏/手绘,天之梦游戏,<NONE>
com.tencent.jkchess,金铲铲之战,自走棋/策略/英雄联盟,腾讯,<NONE>
com.hermes.mk,初音未来：缤纷舞台,音游/初音未来/二次元,朝夕光年,<NONE>
com.tomato.android.ssbhc,时尚百货城,模拟经营/养成/换装,爱的番茄,<NONE>
com.sofuture.jingpaiwangzhe,竞拍王者,模拟,甜事工作室,<NONE>
com.guigugame.guigubahuang,鬼谷八荒,买断制/Steam移植/修仙, 鬼谷工作室,<NONE>
com.actgames.bbee,苍翼：混沌效应,Steam移植/动作/Roguelike,91Act,<NONE>
com.deliverygod.game,外卖之神,模拟,口袋课室工作室,<NONE>
com.sky.zzmnq.tap,祖宗模拟器,放置/模拟经营/文字,SKY工作室,<NONE>
com.netease.nshm,逆水寒,开放世界/武侠/高画质,网易游戏,<NONE>
com.wzcsmsp.blhy,我在CS卖饰品,Roguelike/休闲/模拟,超神网络,<NONE>
game.taptap.TeamPhigrim.Phigrim,Phigrim（TapTap测试版）,节奏/手速/音游,TeamPhigrim,<NONE>
com.prpr.musedash.TapTap,喵斯快跑,音游/二次元/跑酷,hasuhasu,<NONE>
com.nbamzl.mumayi,美职篮：绝对巨星,NBA/篮球/养成,篮球明星俱乐部,<NONE>
com.shenlan.m.reverse1999,重返未来：1999,二次元/剧情/卡牌,深蓝互动,<NONE>
main.qiuqiu.org.luxgame,球球旅行记,烹饪/美食/经营,芃舟,<NONE>
com.cs.soudachemnq,搜打撤模拟器,搜打撤/生存/射击,超神网络,<NONE>
com.mobile.littleadventurer,小小冒险家寻宝记,寻物解谜/解谜/手绘,大眼塔塔的游戏作坊,<NONE>
com.tencent.tmgp.pubgmhd,和平精英,多人联机/射击/FPS,腾讯,<NONE>
com.YS.Nicecity,善良都市,角色扮演,西木木,<NONE>
com.nanostudios.games.twenty.minutes,黎明前20分钟,割草Roguelike/射击/动作,Erabit CN,<NONE>
com.yydwlxqcy02.cs,永远的蔚蓝星球,塔防/合成/策略,创悦游戏,<NONE>
com.netease.l22,永劫无间,动作/多人联机/吃鸡,24 Entertainment,<NONE>
com.jlkj.sng2,超级收纳馆2,益智/治愈/解压,乐辰游戏,<NONE>
com.seayoo.ggd,鹅鸭杀,狼人杀/PVP/休闲,呆呆鸟工作室,<NONE>
com.papegames.infinitynikki,无限暖暖,开放世界/多人联机/收集,叠纸游戏,<NONE>
com.xgame.sjycy,生计与沉冤,模拟,XGame,<NONE>
com.tencent.KiHan,火影忍者,格斗/动作/横版,腾讯,<NONE>
com.redino.minesweeper,扫雷,单机/扫雷/益智,放学做游戏,<NONE>
com.tencent.lolm,英雄联盟手游,MOBA/高画质/策略,腾讯,<NONE>
com.netease.sjzw,世界之外,无限流/恋爱/剧情,网易游戏,<NONE>
com.papegames.lysk.cn,恋与深空,乙女/恋爱/剧情,叠纸游戏,<NONE>
com.zc.aimmaster,练枪大师,单机/射击/FPS,快乐制造工厂工作室,<NONE>
com.u1game.cabalm,新惊天动地,角色扮演,游艺春秋,<NONE>
com.ztgame.yyzy,月圆之夜,卡牌/自走棋/策略,巨人网络,<NONE>
com.miga.world.c.tt,米加小镇世界,单机/休闲/卡通,羲和数字（广州）科技有限公司,<NONE>
com.sjfy.shunchen.cn,神将风云,卡牌/养成/策略,神将工作室,<NONE>
com.YuZhouHe.Sea_Of_Radiation,辐射之海,海洋/轻度Roguelike/单机,恒星摄动工作室,<NONE>
game.taptap.xionger.netLoveSimulator,网恋模拟器,恋爱/养成/文字,熊二工作室,<NONE>
com.ccyiyo.story,楼下的早餐店,烹饪/美食/经营,创逸游,<NONE>
com.zulong.yslzm,以闪亮之名,女性向/模拟经营/换装,祖龙游戏,<NONE>
com.zc.warfare,前线模拟战,搜打撤/动作/射击,快乐制造工厂工作室,<NONE>
com.netease.race,巅峰极速,竞速/赛车/多人联机,网易游戏,<NONE>
com.createmaster.dgame.FindNextButton,找到下一关,益智,dongyeming,<NONE>
com.findthelamp.turtlesoup,海龟蘑菇汤,文字/推理/悬疑,盏灯工作室,<NONE>
com.turbochilli.rollingsky,滚动的天空,催泪/跑酷/单机,海南米麦,<NONE>
com.lzhddlrcs.yf,来自黑洞的旅人,二次元/卡牌/放置,黑洞游戏工作室,<NONE>
com.intiny.hd1.android,完蛋！我被美女包围了！,应用/互动电影/剧情,小有内容,<NONE>
com.siso.mobiwusizhilian,莫比乌斯之恋,互动电影/恋爱/模拟,思索工作室,<NONE>
com.emay.wxsy.topon,疾风骑士,地牢/像素/单机,无限深渊工作室,<NONE>
com.milkstudio.undersea.meta,海底大猎杀,生存/养成/模拟,白鲨科技,<NONE>
com.BackpackHero.mtap,背包英雄,Steam移植/策略/背包管理,良心工作室,<NONE>
com.YiQiu.WuXianLieChe,无限列车,休闲,已丘工作室,<NONE>
com.chillyroom.jdyw.yw,绝地鸭卫,横版/2D/Roguelike,凉屋游戏,<NONE>
com.leiting.turmoil,石油大亨,模拟/策略/移植,雷霆游戏,<NONE>
com.xindong.torchlight,火炬之光：无限,ARPG/刷宝/高画质,心动,<NONE>
com.drs.cn,重建生存营地,休闲/放置/建造,幻想屋游戏团队工作室,<NONE>
com.gamebl.byydxxzm.xxt,不一样的修仙宗门2,修仙/单机/养成,blingbling工作室,<NONE>
games.qkabi.offlinegames,离线小游戏,益智/策略/烧脑,酷卡比游戏工作室,<NONE>
com.YS.school,重返校园,角色扮演,西木木,<NONE>
com.leiting.xian,一念逍遥,国风/养成/修仙,雷霆游戏,<NONE>
com.ztgame.mjs,名将杀,卡牌/历史/桌面和棋类,巨人网络,<NONE>
com.HappyFairyGames.MinimalistTowerDefense,极简塔防,策略,快乐妖精工作室,<NONE>
com.dragonli.projectsnow.lhm,尘白禁区,二次元/美少女/射击,西山居互动娱乐,<NONE>
com.mingya.realdriving2.chaos,真实公路汽车2,竞速/驾驶/体育,云步互娱,<NONE>
com.ilongyuan.cytus2.ly.TapTap,音乐世界赛特斯2,二次元/节奏/音游,龙渊网络,<NONE>
com.longyoug.hmby.taptap,汉末霸业,买断制/三国/策略,成都龙游天下,<NONE>
com.sixag.gaga,我嘎嘎乱杀,放置/策略/养成,六阿哥游戏工作室,<NONE>
com.blina.match2.tt,消消英雄2,卡牌/休闲/竖屏,Alina游戏,<NONE>
com.trainfire.dollmodel,手办模特,捏脸/换装/二次元,训火游戏,<NONE>
com.xuejing.smallfish.official,欢乐钓鱼大师,钓鱼/模拟/体育,雪境科技,<NONE>
com.ForeverDStudio.Teacher,乡村老师,模拟/像素/单机,蜗壳工作室,<NONE>
com.minitech.miniworld,迷你世界,开放世界/像素/可爱,深圳市迷你玩科技有限公司,<NONE>
com.blizzard.wtcg.hearthstone,炉石传说,卡牌/CCG/策略,"Blizzard Entertainment, Inc.",<NONE>
com.yongshi.tenojo.ys,深空之眼,二次元/3D/动作,厦门勇仕网络技术有限公司,<NONE>
com.dobird.supermarketmastersimulator,超市经理模拟器,模拟,渡鸟工作室,<NONE>
com.bilibili.mfgy,魔法工艺,Steam移植/角色扮演/冒险,哔哩哔哩游戏,<NONE>
com.kunyu.newgreedland,贪婪大地,Steam移植/射击/支持手柄,Gamersky Games,<NONE>
com.dsxd.xmwl,我的末日校园海斗,自走棋/轻度Roguelike/末日,超神网络,<NONE>
com.baiyu.fakestudents,我的同学是伪人,卡牌/剧情/策略,超神网络,<NONE>
com.xd.dave.tap.cn,潜水员戴夫,单机/模拟经营/休闲,心动,<NONE>
com.cs.xgsdc,我在峡谷搜打撤,搜打撤/模拟,超神网络,<NONE>
com.WoodenStool.CardPrison2,抽卡监狱2,生存/卡牌/单机,超神网络,<NONE>
com.bilibili.deadcells.mobile,重生细胞,动作/单机/移植,哔哩哔哩游戏,<NONE>
com.hx.interactive.taptap,开局五个亿,模拟,坤舆科技,<NONE>
com.chillyroom.monstergirls.yw,幻想少女公会,收集/养成/竖屏,凉屋游戏,<NONE>
com.RoamingStar.BlueArchive,蔚蓝档案,卡牌/剧情/美少女,Yostar Games,<NONE>
com.zulong.drc.gw,龙族：卡塞尔之门,策略/养成/角色扮演,祖龙,<NONE>
com.xd.dxlzz.taptap,大侠立志传,买断制/武侠/开放世界,心动,<NONE>
com.xd.spider.taptap,蜘蛛纸牌（TapTap测试版）,益智/纸牌/桌面和棋类,Seaview,<NONE>
com.ultralisk.gameapp.b2b18.leishou01,情商天花板,脑洞/闯关/解谜,GOOD工作室,<NONE>
com.lym.tdcz.tdt,天道：创造,沙盒/放置/模拟经营,SKY工作室,<NONE>
com.yxgsdwan.qkyx,一血敢死队,回合制/角色扮演/卡牌,晴空游戏工作室,<NONE>
com.tencent.czn,卡厄思梦境,二次元/轻度Roguelike/卡牌,腾讯,<NONE>
com.bmystu.peng.gw,夜幕之下,角色扮演/女性向/二次元,不眠夜工作室,<NONE>
com.gf.l1h5cncn.hwyad.hwy,心跳陷落,换装/恋爱/女性向,苏州沁游网络科技有限公司,<NONE>
com.netease.ywzh,遗忘之海,角色扮演/开放世界/冒险,网易游戏,<NONE>
com.migu.xunlong.migu,驯龙之旅,养成/放置/冒险,咪咕互动娱乐有限公司,<NONE>
com.uzjce.kquh1,小岛日记,休闲/收集/换装,小岛工作室,<NONE>
com.dhjand.hfgame,东煌纪,卡牌/模拟经营/策略,福建浩凡网络科技有限公司,<NONE>
game.taptap.ktcncn.tt,Hello Kitty My Dream Store（TapTap 测试版）,可爱/模拟经营/养成,苏州沁游网络科技有限公司,<NONE>
com.manjuu.promilia,蓝色星原：旅谣,角色扮演/二次元/冒险,蛮奈网络,<NONE>
com.tencent.dontstarve,饥困荒野,沙盒/生存/多人联机,腾讯,<NONE>
com.tencent.rmcn,失控进化,PVP/生存/开放世界,腾讯,<NONE>
com.miHoYo.hygcb,星布谷地,模拟经营/3D/休闲,miHoYo,<NONE>
com.miaogu.taigong,太公传承,单机/修仙/竖屏,猫咕网络,<NONE>
com.yby.qita,七塔,角色扮演,上海游碧曜,<NONE>
com.ZeroCreations.TheLamentingGeese,哀鸿：城破十日记,角色扮演/冒险/剧情,零创游戏工作室,<NONE>
com.soulgame.minishootcn.android,小飞船大冒险,动作,IndieArk,<NONE>
com.xd.recat.prod,仙境传说RO：守护永恒的爱2,MMORPG/多人联机/冒险,心动,<NONE>
com.fx.tonghs,童话师,模拟经营/治愈/养成,童话师工作室,<NONE>
com.mobile.sgame,头号禁区,多人联机/搜打撤/竞技,沐瞳,<NONE>
com.hellomeow.awaken.jingzhe,谍：惊蛰,悬疑/独立游戏/解谜,HelloMeow工作室,<NONE>
com.tencent.life,粒粒的小人国,模拟经营/建造/治愈,腾讯,<NONE>
com.fuyazhihun.tp,芙娅之魂,魂系/硬核/开放世界,方尖碑,<NONE>
com.callofcthlu.baiyugames,深渊调查局,卡牌/角色扮演,时迹网络,<NONE>
com.wyhd.shipx.gw,苍蓝前线,战舰/射击/战争,苍蓝前线团队,<NONE>
com.miHoYo.abccbtest,崩坏：因缘精灵,冒险/宠物/自走棋,miHoYo,<NONE>
com.utopia.proactivity,乌托,竖屏/装修/换装,乌宝工作室,<NONE>
cn.taptap.aniimo,伊莫,抓宠/冒险/开放世界,爪印工作室,<NONE>
com.findthelamp.badpun,这是谐音梗,搞笑/休闲/文字,盏灯工作室,<NONE>
com.pwrd.mzlite.laohu,梦幻新诛仙：轻享,多人联机/仙侠/MMORPG,完美世界游戏,<NONE>
game.taptap.red,代号：梦核（TapTap测试版）,冒险/多人联机/恐怖,三点饮茶工作室,<NONE>
com.qhyzcs.yf,奇幻勇者,轻度Roguelike/卡牌/放置,來自汪星的工作室,<NONE>
com.tencent.tmgp.osgame,王者万象棋,ip改编/自动战斗/多人竞技,腾讯,<NONE>
com.zxcsyy.dlzxaza,斗罗大陆：诛邪传说,多人联机/冒险/剧情,斗罗诛邪工作室,<NONE>
com.brotato.shooting.survivors.blobfish,土豆兄弟,动作/Steam移植/2D,Erabit CN,<NONE>
com.shiertan.yuanye,元夜十二谈,冒险/3D/新怪谈,上海游卡,<NONE>
com.gamedeveloper.urbanfriendshipstory,妹居物语,模拟/角色扮演/休闲,彩奈,<NONE>
com.findthelamp.daydreamhouse,白日梦想屋,可爱/治愈/休闲,盏灯工作室,<NONE>
com.leiting.slcb2,失落城堡2,Roguelike/多人联机/动作,Hunter Studio,<NONE>
com.sgzm.shhzc.game,守护花之窗,恋爱/女性向/剧情,深圳市拾光筑梦文化传媒有限公司,<NONE>
com.laolin.bidking,竞拍之王,策略/体育/模拟,灵猪科技,<NONE>
fiber.program,纤维,模拟/角色扮演/策略,冬日煮米游戏制作组,<NONE>
com.tencent.jdm,舞力全开：派对,休闲/音乐/舞蹈,腾讯,<NONE>
com.dszc.zsf.mzsd,斗兽战场,模拟经营/放置/科幻,异星回响工作室,<NONE>
com.goatgames.dlls.cn.goat,地牢猎手6,地牢/ARPG/冒险,G.O.A.T Games,<NONE>
com.chinesegamer.wlnancn,飘流幻境新世界,角色扮演,大千互娱,<NONE>
com.ajeeyoo.game567.taptap.gf,伍六七：暗影交锋,角色扮演/国漫/像素,啊吉游,<NONE>
com.n1studio.empress.queen,盛世天下：女帝篇,角色扮演,腾讯,<NONE>
game.TapTap.JianYinXiaZong,剑隐侠踪录,武侠/剧情/策略,快哉风,<NONE>
com.seayoo.ab2,愤怒的小鸟：经典归来,物理/益智/冒险,萌货研究所,<NONE>
com.xr.xnztd,仙逆：战天道,卡牌,星然互娱,<NONE>
game.taptap.xcat,领养一只流浪猫（TapTap测试版）,养成/猫/宠物,三花工作室,<NONE>
com.maogu.huoche,我在末日开火车,生存/末日/竖屏,时迹网络,<NONE>
game.taptap.tqpmyrzg,代号：深渊之歌（TapTap 测试版）,二次元/模拟经营/建造,淘气泡游戏,<NONE>
com.zhuziplay.lvmeng.cb,绿梦：时空之声,冒险/横版/科幻,绿梦工作室,<NONE>
com.yhszg.gamet,永恒树之歌：创世,模拟经营/建造/养成,十英工作室,<NONE>
com.styx.zsgwstx,真・三国无双 天下,ARPG/割草/角色扮演,盛天游戏,<NONE>
com.Tinbird.AllOurBrokenParts,爱与机器人维修技术,剧情/AVG/反乌托邦,锡鸟游戏,<NONE>
games.ogopogo.dongwu,安尼姆的无尽旅途,策略/角色扮演/冒险,一群安尼姆,<NONE>
com.wanda.qqdqmmx.wd,乔乔的奇妙冒险：黄金赞歌,剧情/动漫/3D,明月互动工作室,<NONE>
com.wuxinghaoshimin.app,五星好市民,多人联机/开放世界/角色扮演,十个美梦工作室,<NONE>
com.tencent.mho,怪物猎人：旅人,ARPG/冒险/多人联机,腾讯,<NONE>
ai.yetanother.beifa,江山北望,策略/模拟/角色扮演,木焱工作室,<NONE>
game.taptap.nutshellgames.cuberoom,方寸小屋（TapTap 测试版）,模拟,果壳游戏,<NONE>
com.hpgs.afterinc,劫后公司,Steam移植/模拟经营/抢先体验,TBG Limited,<NONE>
com.TeaMelo.DungeonChasers,追迹迷城,Roguelike/动作,缇米乐工作室,<NONE>
com.hwj.chiptycoon,芯片大亨,模拟/模拟经营/单机,搬砖猫工作室,<NONE>
com.moonton.lovania,代号：Lovania,治愈/唯美/社交,沐瞳,<NONE>
com.bilibili.lumi.cn,闪耀吧！噜咪,抓宠/卡牌/放置,哔哩哔哩游戏,<NONE>
game.taptap.cr,饼干人联盟,角色扮演/冒险/闯关,儒意景秀,<NONE>
com.xxbz.g05,小小兵者,卡牌,殿堂级妄想工作室,<NONE>
com.tapsdk.catcoffee.csbl,喵咪咖啡馆,经营/模拟/可爱,时迹网络,<NONE>
game.taptap.yoohoo.yoohoolife,友友堂（TapTap测试版）,模拟,真好玩,<NONE>
com.sofunny.beaverspring,狸狸汤泉,休闲,真有趣游戏,<NONE>
com.Shiji.RefugeMuseum,超自然博物馆避难所,搜打撤/末日/生存,时迹网络,<NONE>
com.leniu.yzhsltap,勇者幻兽录,角色扮演/MMORPG/养成,高能宇宙研究所,<NONE>
com.huanle.kof,拳皇：冠军之路,策略/卡牌/休闲,K.O.工作室,<NONE>
com.ylhd.yxzs.gb,英雄之时,Steam移植/战争/像素,游乐互动,<NONE>
com.yby.nirvana1,镇魂街王者归来,角色扮演,上海游碧曜,<NONE>
com.gzlt.dxctx.tp,大侠闯天下,休闲,剑工作室,<NONE>
com.fmhzs.tbr554,梦幻诸石官方版,角色扮演,简易工作室,<NONE>
game.taptap.MoonEonGames.HRSimulator,HR模拟器（TapTap 测试版）,模拟经营/养成/单机,月恒工作室,<NONE>
com.foldcc.starveg,宇宙农场物语,策略/剧情/种田,跃动光年,<NONE>
com.cryotrix.gpnb,枪炮、公主与勇者,策略/Roguelike/塔防,冰矩游戏,<NONE>
com.jwx.cunsg,纯三国,放置/卡牌/养成,熬夜摸鱼工作室,<NONE>
com.donexy.no44t,啮齿动物44号观察记录,模拟/角色扮演/休闲,恶恶饿饿工作室,<NONE>
com.xd.dragon.tap.cn,灾厄黑龙与谎言公主,AVG/女性向/恋爱,心动,<NONE>
com.WoodenStool.SectSimulator,修仙宗门搜打撤,模拟,超神网络,<NONE>
com.hortor.mwdl,迷雾大陆,ARPG/冒险/地牢,破云工作室,<NONE>
com.qcplay.snail.android,最强蜗牛,冒险/竖屏/养成,青瓷,<NONE>
com.hortor.yqzd,遗弃之地,策略/塔防,豪腾创想,<NONE>
com.cis.jiangnan.taptap,江南百景图,经营/模拟/放置,椰岛游戏,<NONE>
com.xd.ssrpg,铃兰之剑：为这和平的世界,SRPG/像素/剧情,心动,<NONE>
com.feimo.astralparty,吉星派对,二次元/美少女/派对游戏,上海飞魔网络科技有限公司,<NONE>
com.leiting.yxhs,异象回声,二次元/剧情/策略,苍火游戏,<NONE>
com.xingzuodaoshi.infinityUpgrade,无限升级,养成/放置/角色扮演,星座导师工作室,<NONE>
com.libii.march.cn,瞬搭,换装/女性向/社交,力比,<NONE>
com.xd.cfbmf,出发吧麦芬,放置/角色扮演/休闲,心动,<NONE>
com.mhxcz.mhxc,梦幻消除战,模拟经营/合成/女性向,广州喜势网络科技有限公司,<NONE>
com.blade.bd,境·界 刀鸣,ARPG/动作/死神,朝夕光年,<NONE>
com.leiting.aobi,奥比岛：梦想国度,模拟经营/治愈/多人联机,雷霆游戏,<NONE>
com.pt.at,凹凸世界：彩虹收藏家,消除/二次元/收集,泼天,<NONE>
com.tkgblue.tkc.tap,逐鹿,单机/买断制/三国,北京真知新游科技有限公司,<NONE>
com.xd.minesweeper.tt,无猜扫雷（TapTap测试版）,扫雷/桌面和棋类/休闲,Seaview,<NONE>
com.darksun.yixianpai,弈仙牌,DBG/自走棋/修仙,Gamirror Games,<NONE>
com.lingxigames.yuan.cn.tap,如鸢,古风/剧情/角色扮演,上海灵犀互动娱乐有限公司,<NONE>
com.RoamingStar.StellaSora,星塔旅人,动作/二次元/冒险,Yostar Games,<NONE>
com.fastfly.marooned,挨饿荒野,生存/沙盒/冒险,快飞工作室,<NONE>
com.leiting.wjcs.android,问剑长生,修仙/放置/3D,雷霆游戏,<NONE>
com.idreamsky.klbqm,卡拉彼丘,竞技/射击/二次元,深圳市创梦天地科技有限公司,<NONE>
com.wxlhs6.dmlt.gz15,无限轮回,生存/多人联机/Roguelike,梦穹工作室,<NONE>
com.zdsd.emmj,恶魔秘境,卡牌/策略/dbg,蓬莱飞鱼工作室,<NONE>
com.netkuu.changsheng.tjjs,长生：天机降世,Roguelike/单机/角色扮演,北派游戏工作室,<NONE>
com.yiyou.demon.gn,绯月絮语,美少女/养成/放置,畅悦游戏,<NONE>
com.wingjoy.futurelife,未来人生,模拟/科幻/角色扮演,WINGJOY GAMES,<NONE>
com.capocapo.shepherd,猫神牧场,休闲/策略/Rougelike,疯狂土豆工作室,<NONE>
com.xjskp.tv.tgb,向僵尸开炮,塔防/割草/策略,畅梦工作室,<NONE>
com.mjhwd.tt.sdk01,梦境护卫队,策略/Roguelike/塔防,凤凰梦工厂总部,<NONE>
com.xianqu.acornhouse,橡子屋,休闲/竖屏/可爱,咸人游戏工作室,<NONE>
com.hermes.h1game,航海王热血航线,二次元/动作/ARPG,朝夕光年,<NONE>
com.XiamenAvatar.PeachValley,桃源记2,独立游戏/模拟经营/生存,二维塔网络,<NONE>
com.ForeverDStudio.AnotherWorldLife,异世轮回录,文字/模拟,蜗壳工作室,<NONE>
com.emay.mmmmt.topon,喵喵妙妙塔：数涂,益智/猫/休闲,萝卜游戏工作室,<NONE>
com.playwithfurcifer.bpbcn.android,背包乱斗,Steam移植/自走棋/背包管理,IndieArk,<NONE>
com.ylhy.td.wlry,元启世界,角色扮演/放置/刷宝,魔法公会发行部,<NONE>
com.numbergame.app,合数,休闲,数字游戏工坊工作室,<NONE>
com.zhanhuo.mw,现代战舰,多人联机/高画质/射击,海南战火互娱信息技术有限公司,<NONE>
com.endless.nightmare.bdxj.cn.android,捕盗行纪,动作/角色扮演/冒险,魂动,<NONE>
com.yiplee.sudoku,数独,数独/益智,YipLee工作室,<NONE>
com.miHoYo.wd,未定事件簿,养成/收集/乙女,miHoYo,<NONE>
com.woobest.blqyd,道友请留步,卡牌/策略/养成,极致游戏,<NONE>
com.hygame.hmrj.official,绘梦日记,经营/合成/女性向,咕噜魔法工坊,<NONE>
com.palmpi.matrix,盲盒派对,策略/二次元/塔防,傲娇工作室,<NONE>
com.bwxrk.yqmy.ty4,保卫向日葵,植物/塔防/轻度Roguelike,灵象工作室,<NONE>
com.woowaygames.onepercent,百分之一,收集/二次元/策略,五维互娱,<NONE>
com.hdyx.xsxn,仙山小农,种田/模拟经营/国风,云海工作室,<NONE>
com.tencent.mf.uam,暗区突围,搜打撤/射击/FPS,腾讯,<NONE>
com.kldlz.sqhd.gw02,快来当领主,策略/多人联机/放置,超能工作室,<NONE>
cn.thearky.projectrl,了不起魔塔,策略/养成/DBG,肉鸽独立团,<NONE>
com.bazxgame.duola.android,朵拉的露营餐车,养成/治愈/模拟,成都彼岸之星网络技术有限公司,<NONE>
com.tencent.tmgp.lv,光与夜之恋,乙女/养成/恋爱,腾讯,<NONE>
com.gubulin.il,放置军团,放置/养成/策略,古卜林游戏,<NONE>
com.hapi.jingpinlixianyouxiheji,精品离线游戏合集,合成/解压/单机,哈皮工作室,<NONE>
com.ckgame.bcsy,破日开天,宠物/放置/养成,百层,<NONE>
com.rsg.wdyz,我的勇者,角色扮演/像素/地牢,魔力数娱,<NONE>
com.xd.volcano.tap,火山的女儿：再度重逢,Steam移植/养成/多结局,心动,<NONE>
com.pook.foodgame,爆炒江湖,经营/放置/养成,套鹿工作室,<NONE>
game.taptap.lantern.kbxx,卡包修仙（TapTap测试版）,单机/国风/策略,灯笼工作室,<NONE>
com.mfzl.ylhy.tp,魔法之路,塔防/刷宝/搜打撤,魔法公会发行部,<NONE>
com.AkabaStudio.LoveChoice,拣爱,买断制/爱情/治愈,赤叶游戏工作室,<NONE>
com.cccs.xxjz,修仙家族模拟器,单机/修仙/独立游戏,一起来修仙工作室,<NONE>
com.ztgame.bob,球球大作战,io/UP主推荐/休闲,巨人网络,<NONE>
com.ghostrabbit.cookinginn,逍遥客栈,美食/模拟经营/国风,深圳幽灵兔科技有限公司,<NONE>
com.beipai.csj.daomu,盗墓长生印,单机/盗墓/文字,北派游戏工作室,<NONE>
com.dragonfistx.ndjh,你的江湖,武侠/放置/策略,鲸禧游戏,<NONE>
com.xy.txgx.guanfang,三国：天下归心,策略/SLG/三国,越昶网络,<NONE>
com.hygame.home.hxqq.official,华夏千秋,模拟经营/国风/回合制,华夏千秋工作室,<NONE>
com.JoeSong.Simulaid,模拟纪元Simulaid,卡牌,传承工作室,<NONE>
com.wlsh.mjxk,武林神话,角色扮演,零零游戏,<NONE>
com.Plasmafall.ProjectZoneSis,空间少女综合征,模拟,PlasmaFall,<NONE>
com.pachira.dljtap,东离剑游纪,武侠/ARPG/动作,北京瓜栗科技,<NONE>
game.taptap.dlmyw,地牢摸鱼王（TapTap测试版）,角色扮演,花山工作室,<NONE>
com.SkUnDream.hiddenfind,小小寻物,休闲,时空奇境工作室,<NONE>
com.nobi.wzcy,万族穿越-源启崛起,休闲,元始,<NONE>
com.hkey.swordmerge,放置铁匠-合并之刃,休闲,YYGame,<NONE>
com.hsylzt.gb2,遮天：帝路争锋,国漫/养成,帝路争锋工作室,<NONE>
com.idle.slime,史莱姆挂机,休闲,飞天的小猪猪的工作室,<NONE>
com.sqw.zzdld.zzdldtap,爪爪大乱斗,休闲,半糖工作室,<NONE>
game.taptap.fir,宝石特攻队（TapTap测试版）,射击/TPS/多人联机,酷玩乱斗游戏,<NONE>
jskj.tools.bgdtwtp,爆梗答题王,休闲/解压/文字,纪石科技,<NONE>
com.mlb.zpyc,再爬亿层,角色扮演,棒棒的工作室,<NONE>
com.xsmxcs.swsaq1,像素冒险传说,角色扮演,多游鲸工作室,<NONE>
com.u1game.msqy,萌神契约,二次元/美少女/足球,游艺春秋网络科技（北京）有限公司,<NONE>
com.crossx.overlay,外置准星,模拟,牛角工作室,<NONE>
com.breakthedawn.game,守夜门,休闲,砖厂李师傅的工作室,<NONE>
com.qihuan.heroCard,卡牌大师,冒险/放置/策略,欣程未来工作室,<NONE>
com.fengniao.huanleguayagua,欢乐刮呀刮,模拟,尬乐给姆工作室,<NONE>
com.yunzhao.myriadhearts,万象藏心,模拟,云棹工作室,<NONE>
com.ysimisp.mythmoon,星月大陆：放置帝国,文字,ysimisp工作室,<NONE>
cc.twostars.skyleftbank,天空左岸,策略,星路征途工作室,<NONE>
com.yggame.ygrdzd.bglmz,摆个龙门阵,竖屏/养成/三国,乳鸽工作室,<NONE>
com.rougegame.app,裂隙幸存者,休闲,赎身工作室,<NONE>
com.xd.humanfallflat,人类跌落梦境,买断制/Steam移植/多人联机,心动,<NONE>
com.qingyou.cgamett,帝国传奇：像素英雄,买断制/单机/模拟,青悠工作室,<NONE>
com.xd.tabs.taptap,全面憨憨战争模拟器,买断制/模拟/策略,心动,<NONE>
com.plausibleconcept.badnorth.gamet,迷雾北境,Steam移植/Roguelike/独立游戏,良心工作室,<NONE>
com.YiMoXuan.XYZJF,下一站江湖Ⅱ,买断制/武侠/角色扮演,忆墨轩网络,<NONE>
com.east2west.kingdomrush5.TapTap,王国保卫战5,单机/塔防/策略,东品游戏,<NONE>
com.xd.forager.taptap,浮岛冒险,买断制/冒险/休闲,心动,<NONE>
com.cottongame.isoland.TapTap,迷失岛（付费畅玩版）,买断制/冒险/解谜,胖布丁游戏,<NONE>
com.khg.actionsquad.gamet,破门而入：行动小队,像素/Steam移植/策略,十英工作室,<NONE>
com.fantablade.icey,艾希,买断制/动作/打击感,心动,<NONE>
com.empromgame.bioweavercn,生物原型2,Steam移植/刷宝/角色扮演,西木木,<NONE>
com.alubastudio.cmh,无处遁形,买断制/移植/文字,Aluba Studio,<NONE>
com.ironoakgames.ftk1.mtap,为了吾王,Steam移植/买断制/Roguelike,良心工作室,<NONE>
com.cottongame.greenpondtownpaid,绿水镇,解谜/点击/益智,胖布丁游戏,<NONE>
com.alawar.wallworld.gamet,墙世界,Steam移植/策略/独立游戏,良心工作室,<NONE>
com.xd.etg.taptap,挺进地牢,买断制/Steam移植/Roguelike,心动,<NONE>
com.xd.sandsofsalzaar.taptap,部落与弯刀,买断制/策略/单机,汉家松鼠工作室,<NONE>
com.EmpromGame.BioPrototype,生物原型,买断制/Steam移植/Roguelike,便当游戏,<NONE>
com.cottongame.pumpkintown,迷失岛外传南瓜镇,剧情/解谜/益智,胖布丁游戏,<NONE>
com.xd.otkadventure.tap,少年的人间奇遇,买断制/二次元/美少女,心动,<NONE>
com.tipsworks.android.pascalswager.taptap,帕斯卡契约,买断制/动作/硬核,巨人网络,<NONE>
com.chillyroom.worldofkungfu.yw,大江湖之苍龙与白鸟,单机/武侠/复古怀旧,凉屋游戏,<NONE>
com.xd.rotaeno.tapcn,旋转音律,音游/重力感应/节奏,心动,<NONE>
com.gmzon.taptap.lanota,调律诗篇,音游/剧情/UP主推荐,上海游纵文化发展有限公司,<NONE>
com.xjzs.kywl,星界战士,Steam移植/动作/Roguelike,宽娱工作室,<NONE>
com.pathea.portia.TapTap,波西亚时光,买断制/模拟经营/Steam移植,帕斯亚科技,<NONE>
com.ustwo.monumentvalleyzz.taptap,纪念碑谷,买断制/视觉错位/益智,深圳市创梦天地科技有限公司,<NONE>
com.wushi.ifthirty,如果一生只有三十岁,Roguelike/DBG/像素,五十游戏,<NONE>
com.hasu.deemo2,花雨旋律,买断制/治愈/剧情,hasuhasu,<NONE>
com.bolingogames.sailingeratap,风帆纪元,二次元/Steam移植/策略,广西顺为行通,<NONE>
com.leiting.ninja,合战忍者村物语,买断制/模拟/开罗,雷霆游戏,<NONE>
com.ShinyShoe.MonsterTrain.mtap,怪物火车,Steam移植/独立游戏/冒险,良心工作室,<NONE>
net.spacecan.juicyrealm.android.TapTap,恶果之地,买断制/射击/冒险,心动,<NONE>
com.leiting.restaurant,美食梦物语,模拟/经营/开罗,雷霆游戏,<NONE>
com.RAYKA.PrimeOfFlames,时空之歌,买断制/Roguelike/战棋,雷咖游戏,<NONE>
com.FYQD.BMI,光明记忆：无限,买断制/支持手柄/FPS,飞燕群岛个人工作室,<NONE>
com.moiraigames.monstersanctuary.mtap,怪物乐土,冒险/策略/抓宠,良心工作室,<NONE>
com.GordianQuest.MixedRealms.mtap,高殿战记,买断制/Steam移植/Roguelike,良心工作室,<NONE>
com.lynkpin.artifactseeker,神器行者：奥罗瑞恩传奇,动作,便当游戏,<NONE>
com.ledou.cottongame.mrpumpkin.phone.taptap,南瓜先生大冒险（付费版）,买断制/烧脑/益智,胖布丁游戏,<NONE>
com.street.mtap,迷城陆区,Steam移植/买断制/Roguelike,良心工作室,<NONE>
com.Optillusion.Moncage,笼中窥梦,买断制/几何/艺术,心动,<NONE>
com.Aniya.PathlessWoods,无径之林,模拟经营/Steam移植/沙盒,西木木,<NONE>
com.xd.tothemoon.taptap,去月球,买断制/剧情/像素,心动,<NONE>
com.iamfish.mtap,我是小鱼儿,买断制/模拟/冒险,良心工作室,<NONE>
com.spotlightor.exhaustedmantaptap,累趴侠,角色扮演/休闲/节奏,蜡烛人游戏工作室,<NONE>
com.PPL.AlienStarWars,异星战争,策略/RTS/塔防,龙涯游戏,<NONE>
com.CottonGame.kacakaca,咔嚓一下,休闲/可爱/买断制,胖布丁游戏,<NONE>
com.UnderLineStudio.Strayoflostcat,迷途猫的灵魂碎片,猫/寻物解谜/手绘,西木木,<NONE>
com.east2west.theescapists2.TapTap,逃脱者：困境突围（付费下载版）,买断制/策略/付费下载,东品游戏,<NONE>
com.aurogon.Afterimage,心渊梦境,买断制/动作/横版,上海烛龙信息科技有限公司,<NONE>
com.lingchuang.zanghua,葬花·暗黑桃花源,国风/剧情/恋爱,零创游戏工作室,<NONE>
com.xd.gemini.taptap,双子,买断制/唯美/治愈,心动,<NONE>
com.xd.gorogoa.tap,画中世界,买断制/解谜/手绘,心动,<NONE>
com.gameragame.Rewinder,山海旅人,Steam移植/国风/解谜,Gamirror Games,<NONE>
com.XiaMenLeiYun.OfficeLife.mtap,职场浮生记,Steam移植/模拟/剧情,良心工作室,<NONE>
com.xd.swords.and,说剑,买断制/单机/水墨,心动,<NONE>
com.FourFire.InfiniteSoul,无尽之炼,动作/硬核/ARPG,只做一款游戏工作室,<NONE>
com.leiting.school2,口袋学院物语2,模拟/模拟经营/单机,雷霆游戏,<NONE>
com.cottongame.magritte,巨匠眼,解谜/单机/益智,胖布丁游戏,<NONE>
com.sy.xkqz.tap,侠客风云传前传,买断制/Steam移植/策略,十英工作室,<NONE>
com.xmmf.yxmgmx.taptap,英雄迷宫冒险,经营/像素/模拟经营,北京维商联行商业发展有限责任公司,<NONE>
com.zplay.getting.taptap,坐在罐子里的人,魔性/高难度/单机,ZPLAY,<NONE>
com.cottongame.FrontierSpace,边缘空间,解谜/点击/益智,胖布丁游戏,<NONE>
com.boltfish.mthjdhkd.taptap,如果可以回家早一点,解谜/剧情/独立游戏,五十游戏,<NONE>
com.spotlightor.candleman,蜡烛人,单机/解谜/高画质,蜡烛人游戏工作室,<NONE>
com.leiting.onsen,温泉物语,模拟经营/经营/模拟,雷霆游戏,<NONE>
com.tdgame.aliya.taptap,彼方的她,文字,Another Indie乐禧游戏,<NONE>
com.zplay.jsbsl.taptap,极速变色龙,街机/竞速/跑酷,ZPLAY,<NONE>
net.oroborogames.TrainValley2.mtap,铁路：规划新星,买断制/烧脑/时间管理,十英工作室,<NONE>
com.east2west.minimetro.TapTap,模拟地铁（付费下载版）,买断制/模拟经营/模拟,东品游戏,<NONE>
com.cottongame.sunsethills,落日山丘,治愈/单机/可爱,胖布丁游戏,<NONE>
com.uniiao.zzxy.gbt,自在逍遥：风起,买断制/单机/文字,游乐互动,<NONE>
com.leiting.bouken,冒险村物语,模拟经营/开罗/模拟,雷霆游戏,<NONE>
com.hanjiasongshu.JianghuSimulator,模拟江湖,武侠/模拟经营/文字,汉家松鼠工作室,<NONE>
com.leiting.camp,森丘露营地,开罗/露营/像素,雷霆游戏,<NONE>
com.cottongame.cookme,烤我吧,放置/养成/卡通,胖布丁游戏,<NONE>
com.pipisi.xhzl.gamet,行荒之路,生存/末日/开放世界,十英工作室,<NONE>
com.lilithgames.prepay.tap,艾彼（付费下载版）,益智/单机/解谜,莉莉丝游戏,<NONE>
com.xmqxt.archvale.mtap,阿彻威尔奇妙冒险,单机/角色扮演/射击,良心工作室,<NONE>
com.CottonGame.MonsterFamily2,怪物之家2：勋章,密室/解谜/冒险,胖布丁游戏,<NONE>
com.HirayaSpace.SevenYearsCH.pay,我在7年后等着你,爱情/治愈/像素,扑家工作室,<NONE>
com.xd.carto.taptap,无尽旅图,买断制/Steam移植/治愈,心动,<NONE>
com.kunpo.exception.TapTap,异常,策略/编程/烧脑,Kunpo,<NONE>
com.azgames.masterofpottery,陶艺大师,买断制/移植/模拟经营,AZGames,<NONE>
com.capecosmic.phoenotopia.gamet,不死鸟传说,冒险/策略/买断制,良心工作室,<NONE>
com.mvizlab.lucy.android.cn,露西她所期望的一切,买断制/AVG/催泪,心动,<NONE>
com.adriaandejongh.hiddenfolks.TapTap,隐藏的家伙,手绘/魔性/付费下载,indienova,<NONE>
com.tappay.slimerblob,魔灵纪元,轻度Roguelike/合成/休闲,四川省超角虫科技有限公司,<NONE>
com.muqiuxm.fighter,我打不过漂亮的她们,互动电影/剧情/应用,想象颗粒工作室,<NONE>
com.erroied.superfactory,机械飞行师,模拟经营/策略/经营,鱼小齐工作室,<NONE>
com.lilithgames.mrpumpkin2.ff.taptap,南瓜先生2九龙城寨,付费下载/单机/解谜,莉莉丝游戏,<NONE>
com.ssyx.gamet,世上英雄,叙事/单机/怀旧,良心工作室,<NONE>
com.CrazyPrince.LegendofHomebody,宅人传说,模拟/单机/独立游戏,方块游戏,<NONE>
com.east2west.icelakes.TapTap,冰钓大师,模拟/钓鱼/体育,东品游戏,<NONE>
com.mz.solarterms,四季之春,手绘/传统文化/治愈,闲者拾光,<NONE>
com.martian.lmcg,龙脉常歌,Steam移植/单机/叙事,易美工作室,<NONE>
com.leiting.convenience,便利店开业日记,开罗/便利店/像素,雷霆游戏,<NONE>
com.direlight.grimvalorbd,原界之罪,高画质/银河恶魔城/横版闯关,苍蓝星游戏,<NONE>
com.lilithgame.isoland2.cn.TapTap,迷失岛2时间的灰烬（付费版）,解谜/付费下载/单机,莉莉丝游戏,<NONE>
com.cottongame.isoland4,迷失岛4小屋实验,冒险/解谜/剧情,胖布丁游戏,<NONE>
com.mazegame.brightreappear,光明重现,策略/竖屏/消除,威海迷城,<NONE>
com.xd.FindingParadise.tap,寻找天堂,像素/剧情/移植,心动,<NONE>
com.cottongame.isoland0.taptap,迷失岛前传海边游乐园,手绘/解谜/益智,胖布丁游戏,<NONE>
com.east2west.theroomtwo.TapTap,未上锁的房间2(付费版）,解谜/烧脑/3D,东品游戏,<NONE>
com.xiayizhanjianghu.taptap,下一站江湖Ⅰ,沙盒/武侠/角色扮演,搜发互娱,<NONE>
com.cimu.runestonekeepertaptap,符石守护者,地牢/单机/像素,杭州刺暮软件科技有限公司,<NONE>
com.leiting.bokujou01,像素牧场物语,经营/模拟/开罗,雷霆游戏,<NONE>
com.silvrlin.qthy.tp,倾听画语,买断制/Steam移植/独立游戏,游乐互动,<NONE>
com.cottongame.MonsterFamily.taptap,怪物之家,解谜/益智/付费下载,胖布丁游戏,<NONE>
com.blingame.wingit,我一点都不可口,模拟经营/经营/单机,Blingame可口游戏工作室,<NONE>
com.LICOGAME.ZhiYuan,未完信笺：纸鸢,角色扮演/休闲,黎羽科技,<NONE>
com.gy.gyalpha,墨影侠踪,单机/武侠/推理,玄镜工作室,<NONE>
com.east2west.thehouseofdavinci2.TapTap,达芬奇密室2,买断制/Steam移植/解谜,东品游戏,<NONE>
com.gamersky_games.stray_path,迷失之径,轻度Roguelike/策略/独立游戏,Gamersky Games,<NONE>
com.cottongame.elevator.taptap,一路,烧脑/治愈/解谜,胖布丁游戏,<NONE>
com.xd.evoland2.taptap,进化之地2,剧情/角色扮演/付费下载,心动,<NONE>
com.SilverBlade.LegionCraft,军团（付费下载版）,冒险/策略,INDIECN,<NONE>
com.zplay.alto.taptap,阿尔托的冒险,横版/唯美/动作,ZPLAY,<NONE>
com.mojikenstudio.wpwa.mtap,往事,Steam移植/益智/手绘,良心工作室,<NONE>
com.east2west.IronMarine,钢铁战队（付费版）,策略/塔防/付费下载,东品游戏,<NONE>
com.leiting.mangaippon,漫画道场物语,经营/开罗/养成,雷霆游戏,<NONE>
com.cottongame.reviver,窗台上的蝴蝶,买断制/叙事/解谜,胖布丁游戏,<NONE>
com.sigono.heaven01.TapTap,灵魂之桥,治愈/剧情/UP主推荐,柔风游戏,<NONE>
com.GameSmith.ReMix,共鸣之心,Roguelike/割草/单机,便当游戏,<NONE>
com.pwrd.UnrulyHeroes.taptap,非常英雄救世奇缘,打击感/动作/冒险,完美世界游戏,<NONE>
org.godotengine.Halcyon,哈尔西恩的救赎,聚光灯GameJam/益智,聚光灯 - 悖论,<NONE>
com.leiting.park,发现动物公园,模拟/开罗/模拟经营,雷霆游戏,<NONE>
com.zplay.altosodyssey.taptap,阿尔托的奥德赛,冒险/闯关/动作,ZPLAY,<NONE>
com.usfun.anne.TapTap,纸片少女解谜单机游戏软件 V1.0,付费下载/剪纸艺术/可爱,娱公互动,<NONE>
com.Hucang.CTCity,成土市的我,治愈/休闲/解谜,鹄苍,<NONE>
com.east2west.sheltered.TapTap,庇护所,买断制/模拟/模拟经营,东品游戏,<NONE>
com.saltgamestudio.gofaraway,去远方,剧情/解谜/唯美,一罐盐游戏工作室,<NONE>
com.lilithgames.gjj.cn.taptap,古镜记（付费下载版）,解谜/益智/剧情,莉莉丝游戏,<NONE>
com.fojo.taptap.gqxd,怪奇小店,像素/经营/模拟,Neverland,<NONE>
com.wrgame.douzhenqishi,斗阵骑士,自走棋/Roguelike/策略,溯光创想工作室,<NONE>
com.whale.cwys,宠我一生,模拟,一鲸工作室,<NONE>
com.xd.gobang.tt,五子棋（TapTap测试版）,桌游/休闲/桌面和棋类,Seaview,<NONE>
com.itaotuo.wodima,我在地府打麻将,Roguelike/DBG/二次元,成都过度创造科技有限公司,<NONE>
com.catstudio.outerspace,秩序：新曙光,建造/像素/策略,外层空间工作室,<NONE>
com.wzmrdfd.blhy,我在末日当房东,Roguelike/生存/末日,超神网络,<NONE>
com.leiting.ldgj,律动轨迹,音乐/手速/竖屏,鸽游,<NONE>
com.Electromagnetic.coffee,续杯咖啡,剧情/文字/休闲,v42号电磁信号中转站工作室,<NONE>
com.lcgame.cjsng,超级收纳馆,单机/收纳/可爱,乐辰游戏,<NONE>
com.suqing.aguardwalksintoatavern,一名卫兵走进了一间酒馆,移植/单机/模拟,粟清工作室,<NONE>
game.taptap.dcs,降维打击（TapTap测试版）,射击/动作,烟火,<NONE>
Atana.gamecreator.gc815728825158,Atana,角色扮演/独立游戏/文字,欲望俱乐部,<NONE>
com.taptap.ckqs.ckt,抽卡求生：荒岛,独立游戏/单机/生存,SKY工作室,<NONE>
com.love7.graduated,小生活-悠闲小镇物语,生存/经营/模拟,西木木,<NONE>
com.sparklet.doomsdaycard,卡包荒野,轻度Roguelike/生存/卡牌,星火跃动工作室,<NONE>
com.xd.chinesechess.tt,象棋（TapTap测试版）,桌面和棋类,Seaview,<NONE>
com.xd.fp.ad,派对之星,格斗/同屏对战/动作,心动,<NONE>
com.xd.bloonstd.taptap,气球塔防6,塔防/Steam移植/策略,心动,<NONE>
game.taptap.morizero.milthm,Milthm（TapTap测试版）,二次元/音游/节奏,森零制作组,<NONE>
com.xd.klondike,纸牌接龙（TapTap测试版）,单机/怀旧/桌面和棋类,Seaview,<NONE>
com.WoodenStool.ZhuboSimulator,江南第一主播公司,经营/卡牌/美少女,超神网络,<NONE>
com.xd.t3game,火力苏打,射击/竞技/多人联机,心动,<NONE>
com.ubisoft.princeofpersia.thelostcrown.mobile.action.adventure.platform.china,波斯王子：失落的王冠,类银河恶魔城/动作/冒险,上海碧汉网络科技有限公司,<NONE>
com.gameskypiea.goodnightforest,晚安森林,治愈/佛系/休闲,武汉空岛,<NONE>
com.timetick.immorway,诡道修真记,轻度Roguelike/修仙/模拟,远山见月工作室,<NONE>
com.xd.etheria,伊瑟,回合制/策略/养成,心动,<NONE>
com.tomatobeef.lovetolive,我的恋爱逃生攻略,文字,番茄炖肉制作组,<NONE>
game.taptap.com.leiting.apart,住宅梦物语（TapTap测试版）,模拟/开罗/模拟经营,雷霆游戏,<NONE>
com.wujieliandong.dead_night,黎明之前,角色扮演/冒险/模拟,西木木,<NONE>
com.yilu.hxrs,华夏人生,模拟/生存/沙盒,一露网络,<NONE>
com.coweye.musync.android,同步音律,音游/二次元/节奏,同步音律工作室,<NONE>
com.superhijoy.majong,诡异肉鸽麻将,Roguelike/策略/卡牌,超神网络,<NONE>
com.xwzylr.white,虚无之印,角色扮演/轻度Roguelike/冒险,虚无江湖工作室,<NONE>
cs.xsjmn2.com,小说家模拟2,养成/休闲/经营,超神网络,<NONE>
com.wingjoy.secondlife2,当代人生,模拟经营/治愈/经营,WINGJOY GAMES,<NONE>
game.lantern.mkgt,猫咖怪谈,卡牌/独立游戏/策略,灯笼工作室,<NONE>
org.cocos2d.Dice,骰子元素师,卡牌/dbg/独立游戏,心动,<NONE>
com.catstudio.project3,无光之国,策略/DBG/单机,无光之国开发组,<NONE>
game.taptap.com.lc.xdxc,心动现场：恋爱实景秀（TapTap测试版）,角色扮演,乐辰游戏,<NONE>
com.AliveGameStudio.AnimalVillage,我的可爱村,休闲/装修/换装,四川数字出版传媒,<NONE>
com.sq.dxcz.dxt,大侠式人生：重制版,武侠/单机/开放世界,三颗柚工作室,<NONE>
com.fulinkazan.railwaysaga.taptap,铁路时代,模拟经营/经营/模拟,森霆游戏,<NONE>
com.palmpi.live2d.wallpaper,傲娇壁纸,二次元/美少女/工具,傲娇工作室,<NONE>
com.blp.bleapcn,闪音跃动,跑酷/音游/节奏,布李谱工作室,<NONE>
xd.sce.projectvampire,另一个幸存者（TapTap测试版）,放置/单机/休闲,绿豆汤001,<NONE>
com.piratesoutlaws.roguelikecard.fabled.cn,航海奇闻,卡牌/策略/单机,Fabled Game Studio,<NONE>
com.AikesiGame.CAC,我想成为创造者,平台跳跃/横版/DIY,xujunyuan,<NONE>
com.hcplay.soccer,新星足球世界,足球/体育/模拟,弘程游戏,<NONE>
com.lc.tt,挤在一起的兔兔,休闲,乐辰游戏,<NONE>
game.taptap.zzzProject.Notanote,Notanote（TapTap测试版）,音游/二次元/独立游戏,梦游制作组,<NONE>
cn.haoplay.game.and.fortress,洛伊的移动要塞,放置/养成/角色扮演,好玩,<NONE>
com.xd.wol.taptap,传说法师,动作/移植/单机,心动,<NONE>
com.NeverKnowsBest.MysteryLover,不存在的谎言,GalGame/恋爱/Steam移植,寻鹿计划,<NONE>
com.youtufun.tcg.cardgame.strategy,冒险公社,桌面和棋类/TCG/CCG,心动,<NONE>
com.xd.doudizhu.tt,畅玩斗地主（TapTap测试版）,多人联机/休闲/桌面和棋类,Seaview,<NONE>
com.hjgzs.dqsj2,大千世界2,策略/冒险/角色扮演,滑稽工作室,<NONE>
xd.sce.promotion,未知：升变（TapTap测试版）,动作/割草Roguelike/生存,未知之人,<NONE>
com.xd.zmyzp.tap,竹马胭脂铺,模拟经营/国风/古风,心动,<NONE>
kuangkuang.game.dingliu,倪帝蔷来了,女性向/AVG/聚光灯GameJam,聚光灯-框框工作室,<NONE>
game.hzfestudio.nodesescape,文字密室逃脱,Steam移植/解谜/剧情,圣灯工作室,<NONE>
com.ranzi2.tingshuo,听说这里有怪兽,放置/休闲/收集,苒酱紫工作室,<NONE>
com.zhandoushaonv.android,战斗少女跑酷,跑酷/换装/动作,SunnyGame,<NONE>
com.company.wind,守个蛋,角色扮演/休闲/冒险,片钳工作室,<NONE>
com.jimu52.train,当火车鸣笛三秒,悬疑/AVG/剧情,蒐藏馆工作室,<NONE>
com.maogu.caoyuan,我在羊村当战狼,搜打撤/放置/轻度Roguelike,时迹网络,<NONE>
com.BUGGamechaping,为这充满BUG的游戏送上差评,解谜/独立游戏/单机,聚光灯 - 龙舟梦工作室,<NONE>
com.baiyu.nzzz,逆时真探:最初的审判,卡牌/推理/解谜,超神网络,<NONE>
bke.studio8a.onlooker,他人世界末,GalGame/剧情/恋爱,昆布科技,<NONE>
com.xd.ro.roapk,仙境传说RO：守护永恒的爱,MMORPG/二次元/冒险,心动,<NONE>
com.skywaystudio.BerryMelody,Berry Melody,节奏/音游/休闲,天路工作室,<NONE>
com.ACEEntertainment.CD2_TrapMaster_TapTap,陷阱大师,策略/塔防/Roguelike,ACE游戏社,<NONE>
com.gooseeggstudio.simple,Simple,休闲/节奏/音乐,鹅蛋工作室,<NONE>
com.ygf.cldyz,丛林抵御战,生存/搜打撤/单机,模拟一切工作室,<NONE>
com.jshka.blhy,二次元氪金自走棋,轻度Roguelike/策略/放置,超神网络,<NONE>
com.xd.WuLaLa,不休的乌拉拉,放置/竖屏/养成,心动,<NONE>
com.wzmrskd.blhy,我在末日送快递,休闲/养成/Roguelike,超神网络,<NONE>
com.xd.freecell.tt,空当接龙（TapTap测试版）,单机/怀旧/休闲,Seaview,<NONE>
com.tapsdk.mg,菇菇种植日记,角色扮演/Roguelike/策略,超神网络,<NONE>
com.lcgame.dswm,都市传说外卖,恐怖/悬疑/角色扮演,乐辰游戏,<NONE>
com.QZQStudio.AtHome,孙美琪,悬疑/恐怖/解谜,QZQ Studio,<NONE>
com.zggame.xuanji.public,选技大乱斗,Steam移植/自走棋/竞技,烛光游戏,<NONE>
com.wingjoy.walkingdead,丧尸派对,动作/剧情/竖屏,Joychasing Games,<NONE>
com.morningheart.ZenBlade,太刀对决,动作,晨心工作室,<NONE>
com.hijoe.w1939,战地1939,射击/模拟/单机,神戳戳的游戏,<NONE>
com.tencent.tmgp.nz,逆战：未来,射击/动作/多人联机,腾讯,<NONE>
com.humo.yqqsqz.yw,元气骑士前传,动作/像素/地牢,凉屋游戏,<NONE>
com.tencent.tmgp.cod,使命召唤手游,FPS/高画质/射击,腾讯,<NONE>
com.bilibili.warmsnow,暖雪,动作/角色扮演/冒险,哔哩哔哩游戏,<NONE>
com.shangyoo.neon,霓虹深渊：无限,轻度Roguelike/动作/冒险,声纳工作室,<NONE>
com.leiting.lostcastle.leiting,失落城堡,地牢/动作/冒险,雷霆游戏,<NONE>
com.netease.mrzh,明日之后,生存/多人联机/末日,网易游戏,<NONE>
com.tencent.tmgp.cf,穿越火线-枪战王者,FPS/吃鸡/PVP,腾讯,<NONE>
com.bilibili.ncard,三国：百将牌,竞技/策略/卡牌,哔哩哔哩游戏,<NONE>
com.cylj.rogue.tp479,大话蜀山,修仙/解压/放置,西出工作室,<NONE>
com.Sunborn.SnqxExilium,少女前线2：追放,战棋/美少女/3D,Sunborn,<NONE>
com.netease.yhtj,萤火突击,射击/搜打撤/策略,网易游戏,<NONE>
cn.alltune.endless,邂逅在迷宫,竖屏/美少女/二次元,奥熠游戏,<NONE>
com.heartfloat.soldierrogue,小兵三选一,轻度Roguelike/战争/单机,心中游独立工作室,<NONE>
com.carrot.carrotfantasy,保卫萝卜,策略/塔防/怀旧,飞鱼科技,<NONE>
com.lilithgame.igame.android.cn,剑与远征：启程,角色扮演/竖屏/放置,莉莉丝游戏,<NONE>
com.mgss.mihuan,猛鬼宿舍,单机/休闲/竖屏,蜜獾工坊,<NONE>
com.bf.sgs.hdexp,三国杀,策略/卡牌/三国,杭州游卡网络技术有限公司,<NONE>
com.a5game.ltzj.jj,雷霆战机：集结,弹幕射击/街机/弹幕,北京爱乐游文化发展有限公司,<NONE>
com.GAGAStudio.Orcdom,兽人领地,策略,后撤步游戏,<NONE>
com.shandagames.falloutshelter,辐射：避难所,生存/经营/单机,盛趣游戏,<NONE>
com.chillyroom.inkvasion.yw,墨守孤城,建造/国风/策略,凉屋游戏,<NONE>
com.hnyg.pzxw.bye,拼装小窝,模拟经营/放置/收集,萝卜游戏工作室,<NONE>
com.ranzi3.sodadungeon,保管好贵重物品,单机/点击/放置,苒酱紫工作室,<NONE>
com.az.hcrcgggs.fcjj,负产阶级,竖屏/文字/放置,小妮子工作室,<NONE>
com.floravita.diary,胡桃日记,治愈/放置/休闲,那朵花,<NONE>
com.tencent.fiftyone.yc,桃源深处有人家,种田/收集/治愈,极光计划,<NONE>
jskj.tools.gegedaliushuixiantp,咯咯哒流水线,放置/单机/模拟,纪石科技,<NONE>
com.yymoon.xzn2,女神星球,养成/放置/美少女,银月网络,<NONE>
game.taptap.doushendalu2,斗神大陆2（TapTap测试版）,放置/养成/卡牌,广州半桶网络科技有限公司,<NONE>
inland.twgame.restaurant,动物餐厅,放置/模拟经营/可爱,两英里科技,<NONE>
com.sqw.yxmys.yxmys_tap1,英雄没有闪,放置/策略/养成,墨麒麟工作室,<NONE>
com.polergame.tollgatesimulatorchn,收费站模拟器,放置/模拟经营/竞速,船夫工作室,<NONE>
com.netease.my,梦幻西游,回合制/MMORPG/角色扮演,网易游戏,<NONE>
com.zlongame.phoenix,龙魂旅人,放置/卡牌/美少女,紫龙游戏,<NONE>
com.sl.lsmj,乱世名将,竖屏/放置/卡牌,小奇怪游戏室,<NONE>
com.sky.xxrs.xxt,自定义修仙模拟器,养成/角色扮演/修仙,SKY工作室,<NONE>
com.gamebl.whny.nyt,我的网红女友：养成计划,养成/模拟经营/单机,blingbling工作室,<NONE>
com.sky.xxsj.sjt,修仙世家模拟器,单机/放置/修仙,有头发工作室,<NONE>
com.xykj.archer.tp457,童话大乱斗,冒险/放置/养成,金镶钰工作室,<NONE>
com.sky.cyzxt.cyt,穿越者系统：模拟,单机/模拟经营/放置,SKY工作室,<NONE>
com.cmplay.dancingline,跳舞的线,节奏/单机/唯美,北京猎豹网络科技有限公司,<NONE>
game.taptap.com.leiting.noodle,开罗拉面店（TapTap测试版）,开罗/模拟经营/经营,雷霆游戏,<NONE>
com.Apinsky.Lite2048,2048清,单机/竖屏/消除,召合网络,<NONE>
com.ongmaker.properties,我的属性,单机/心理学/文字,熔核工作室,<NONE>
com.bkl.traffic_Android,车祸模拟器,单机/解压/模拟,掌顺科技,<NONE>
com.seasun.shuangxiang.xsj,双相,无内购/解谜/平台跳跃,西山居游戏,<NONE>
com.DefaultCompany.TownHole,小镇黑洞,休闲,流霜工作室,<NONE>
com.yodo1.SkiSafari.yodo1,滑雪大冒险,滑雪/体育/休闲,北京游道易网络文化有限公司,<NONE>
com.tyou.jieyan,借眼,益智,勾陈一工作室,<NONE>
com.hunter.PetMaster,宠物大师,休闲,为女朋友学做游戏,<NONE>
com.leiting.kairoland,开罗游戏世界,休闲/模拟经营/像素,雷霆游戏,<NONE>
com.tanyu.wdsnt.game,我的收纳摊,益智,深圳市天拓立方通讯科技有限公司,<NONE>
com.TheApocalypse,启示录,抢先体验/策略/模拟,Redstart,<NONE>
net.maidrom.arbitrarylands,沙盒勇者,生存/沙盒/策略,熊喵独立游戏,<NONE>
com.netease.qrsj,七日世界,生存/开放世界/沙盒,网易游戏,<NONE>
com.dksgames.survive,活下去,生存/丧尸/单机,黑骑士工作室,<NONE>
com.cs.mrdnm,我在末日当牛马,搜打撤/末日/生存,超神网络,<NONE>
com.xwzc.shinher.gb,希望之村：你是希望,生存/沙盒/多人联机,游乐互动,<NONE>
com.hero.sm.android.hero,创造与魔法,开放世界/沙盒/建造,英雄互娱,<NONE>
com.gx.sw.qa.fkssj004.esj,疯狂水世界,模拟/生存/末日,广州益玩网络科技有限公司,<NONE>
com.studio27.MelonPlayground,甜瓜沙盒,解压/沙盒/模拟,厦门维虎网络科技有限公司,<NONE>
com.dobird.yiqidengding,一起登顶,合作/策略/多人联机,渡鸟工作室,<NONE>
com.csjoyo.work.fishtt,钓鱼佬净化海洋,建造/冒险/生存,团团兔工作室,<NONE>
com.ycf.herosland.tt,英勇之地,动作/ARPG/多人联机,厦门御长风网络科技有限公司,<NONE>
com.xxyystudio.g2,重建家园,生存/多人联机/竖屏,幸存者小分队,<NONE>
com.taptap.lsdmx,老鼠大冒险,生存/搜打撤/单机,模拟一切工作室,<NONE>
com.szxt.klldzz.gw,恐龙岛：沙盒进化,模拟/沙盒/恐龙,讯天,<NONE>
com.clovare.MogulAndroid,魔窟-无尽的地下城,单机/地牢/冒险,杭州凌烟阁科技有限公司,<NONE>
com.zzonegame.aresvirus,阿瑞斯病毒,生存/末日/单机,青瓷,<NONE>
com.tencent.tmgp.djsy,妄想山海,抓宠/沙盒/多人联机,腾讯,<NONE>
com.avalon.cave.cn.leiting,贪婪洞窟,单机/地牢/冒险,Avalon Games,<NONE>
com.GSQ.XiaWorld.mgtv,了不起的修仙模拟器,修仙/策略/移植,吉艾斯球,<NONE>
com.dygame.hyqs.taptap,荒野日记：孤岛,生存/文字/冒险,五十一区工作室,<NONE>
com.adventure.zombiegirl2,七日求生：新世界,高画质/生存/丧尸,上帝压狗工作室,<NONE>
com.zzonegame.aresvirus2.android,阿瑞斯病毒2,剧情/末日/生存,青瓷,<NONE>
com.mlych.starlinear,欢迎来到梦乐园,女性向/剧情/卡牌,月环网络,<NONE>
com.dlxmz.zmsl.zmslggsbtt13.ggsb,织梦森林,模拟经营/女性向/换装,织梦工作坊,<NONE>
com.pujiadev.bakkure3,逃离公司3,休闲/解谜/脑洞,扑家工作室,<NONE>
com.orangesounds.soup,你已经猜到结局了吗,海龟汤/文字/单机,橘音游戏,<NONE>
com.tencent.tmgp.jnbg2,纪念碑谷 2,烧脑/益智/视错觉,极光计划,<NONE>
com.tcxx.cut.gsz,割绳子玩穿越,解谜/休闲/益智,深圳市动能无线传媒有限公司,<NONE>
com.funnygames.escape.wjmj,无间梦境,剧情/解谜/益智,纸嫁衣工作室,<NONE>
com.dc.sor,房间的秘密,解谜/推理/剧情,无面人工作室,<NONE>
com.martian.xmdzz.quick,密室逃脱绝境系列10寻梦大作战,密室/解谜/克苏鲁,深圳市火星人互动娱乐有限公司,<NONE>
com.ustwo.monumentvalleyzz,纪念碑谷,益智/几何/视错觉,深圳市创梦天地科技有限公司,<NONE>
endless.nightmare.spectre.curse.horror.scary.free.cn.android,无尽噩梦5怨灵咒,角色扮演/剧情/冒险,成都嘉谊互娱科技有限公司,<NONE>
com.itaotuo.shanhelvtan,山河旅探,文字/剧情/单机,奥秘之家,<NONE>
com.moonwind.sor2.radical,房间的秘密2：起点,推理/剧情/解谜,无面人工作室,<NONE>
com.moonwind.sor3.radical,房间的秘密3：女团回归夜,推理/剧情/解谜,无面人工作室,<NONE>
com.tyou.qiyuan,妻怨,解谜/剧情/益智,勾陈一工作室,<NONE>
com.eyewind.case.master.cn,案件大师,解谜/益智,深圳市风眼科技有限公司,<NONE>
com.thgame.maze,迷宫解谜,单机/解谜/迷宫,thy,<NONE>
com.leiting.th5,匠木,传统文化/独立游戏/国风,四川数字出版传媒,<NONE>
com.tygame.tapgame47,拆散情侣大作战2,单机/解谜/益智,拆散情侣工作室,<NONE>
com.QZQStudio.Ftt,方婷婷,解谜/恐怖/需家长陪同,QZQ Studio,<NONE>
com.lemjoy.oversea.puppet,木偶之匣,解谜/点击/冒险,柠游,<NONE>
com.CottonGame.UniversalLaw,宇宙怪谈,解谜/剧情/益智,胖布丁游戏,<NONE>
com.lvchengyao.liuyanzhentan,流言侦探,推理/悬疑/文字,WoodenWolf,<NONE>
com.vanbss.sgAlliance,亿个小游戏,解谜/益智/烧脑,万兆方程,<NONE>
com.orangesounds.missperfect,完美小姐她又没猜到结局,恐怖/解谜/单机,橘音游戏,<NONE>
com.tygame.tapgame25,找到老公的私房钱,解谜/单机/益智,拆散情侣工作室,<NONE>
com.hundong.lcj01,怪盗逃生记,竖屏/解谜/益智,魂动,<NONE>
com.emay.mbwg.topon,猫博物馆,宠物/猫/横版,游一游工作室,<NONE>
com.funnygames.escape.zjy,纸嫁衣,密室/需家长陪同/恐怖,纸嫁衣工作室,<NONE>
com.tomato.gxy,西游梗传,解谜/魔性/益智,Tomato Fun,<NONE>
com.yunbu.nightmare,无尽噩梦,恐怖/单机/需家长陪同,云步互娱,<NONE>
com.netease.lrs,狼人杀-官方正版,多人联机/狼人杀/益智,网易游戏,<NONE>
com.noodlecake.anothercasesolved,又一个案子解决了,侦探/推理/烧脑,东品游戏,<NONE>
com.funnygames.escape.zjy8,纸嫁衣8千子树,单机/恐怖/国风,纸嫁衣工作室,<NONE>
com.yunbu.nonogram.chaos,数独趣味闯关,数独/益智/拼图,云步互娱,<NONE>
com.lilithgames.solarland.android.cn,远光84,多人联机/吃鸡/射击,莉莉丝游戏,<NONE>
com.cmcm.arrowio,弓箭手大作战,魔性/io/UP主推荐,北京猎豹网络科技有限公司,<NONE>
com.qinglv.Immortal,伏魔诀,水墨/射击/Roguelike,青律互娱,<NONE>
com.neverlate.royale,射击训练营,模拟/动作/射击,五间房工作室,<NONE>
com.hero.dna.gf,二重螺旋,角色扮演/二次元/动作,英雄游戏,<NONE>
com.kunpo.bit,比特小队,地牢/射击/动作,Kunpo,<NONE>
com.cjk.zdw,战地1914,军事/动作/独立游戏,拷贝工厂,<NONE>
game.taptap.PanzerWar,装甲纷争（TapTap测试版）,战争/射击/坦克,Shanghaiwindy,<NONE>
com.ShuiSha.FPS2,枪战特训2：激战,FPS/射击/动作,睡鲨科技有限公司,<NONE>
com.tencent.tmgp.gnyx,高能英雄,射击/动作/FPS,腾讯,<NONE>
com.wjtxdtt.zy,无尽探险队,刷宝/ARPG/弹幕射击,超频工作室,<NONE>
com.iLuYaoJi.WPlanet,引力线流星,单机/弹幕射击/模拟,路妖姬工作室,<NONE>
com.higame.mmtf2,萌萌塔防,轻度Roguelike/塔防/策略,载源科技,<NONE>
com.netease.hyxd,荒野行动,吃鸡/多人联机/合作,网易游戏,<NONE>
com.netease.aceracer,王牌竞速,赛车/高画质/竞速,网易游戏,<NONE>
com.netease.moba,决战！平安京,MOBA/阴阳师/3D,网易游戏,<NONE>
com.gzyy.qqyxdt,球球英雄,塔防/多人联机/竞技,霍尔果斯游众网络,<NONE>
com.tencent.tmgp.speedmobile,QQ飞车,竞速/漂移/3D,腾讯,<NONE>
com.netease.pes,实况足球,足球/体育/模拟,网易游戏,<NONE>
com.dfjz.moba,决胜巅峰,MOBA/竞技/社交,沐瞳,<NONE>
com.tencent.tmgp.supercell.brawlstars,荒野乱斗,卡通/多人联机/竞技,腾讯,<NONE>
com.galasports.legendaryfootball.cn,最佳球会,足球/3D/竞技,深圳市望尘科技有限公司,<NONE>
com.tapcheer.hotslidecn,绝尘漂移,赛车/竞速/漂移,北京点悦科技有限公司,<NONE>
com.bairimeng.dmmdzz,逃跑吧！少年,竞技/搞笑/多人联机,深圳市抱一网络科技有限公司,<NONE>
com.gf.mkcncn.hwyad.hwy,暴吵萌厨,派对游戏/多人联机/竞技,苏州沁游网络科技有限公司,<NONE>
com.yoka.sgs.x,三国杀：一将成名,卡牌/三国/自走棋,杭州游卡网络技术有限公司,<NONE>
com.tencent.letsgo,元梦之星,派对游戏/多人联机/竞技,腾讯,<NONE>
com.lilithgames.rok.offical.cn,万国觉醒,策略/SLG/多人联机,莉莉丝游戏,<NONE>
com.yunbu.pool3.chaos,台球风云游戏软件 V1.0.0,3D/体育/台球,云步互娱,<NONE>
com.netease.allstar,全明星街球派对,篮球/竞技/体育,网易游戏,<NONE>
com.zygames.ppjt,砰砰军团,策略/塔防/节奏,烛月游戏,<NONE>
com.galasports.operablebasketball,美职篮巅峰对决,竞技/篮球/体育,深圳市望尘科技有限公司,<NONE>
com.tencent.hhw,航海王：壮志雄心,角色扮演/竞技/3D,腾讯,<NONE>
cn.jj.log,曙光英雄,MOBA/团队合作/多人联机,竞技世界（北京）网络技术有限公司,<NONE>
com.tencent.pokemonunite.cn,宝可梦大集结,自走棋/MOBA/竞技,腾讯,<NONE>
com.netease.yzs,影之诗,卡牌/TCG/二次元,网易游戏,<NONE>
com.hermes.j1game,星球：重启,机甲/射击/生存,MMC Society,<NONE>
com.netease.wotb,坦克世界闪击战,战争/坦克/二战,网易游戏,<NONE>
com.xzy.styx,星之翼,机甲/竞技/格斗,盛天游戏,<NONE>
com.chsdk.qianjizhen.a2,千机阵,自走棋/竞技/国风,烛猫工作室,<NONE>
com.cytx.td,部落命运,5V5/MOBA/动作,创优天地,<NONE>
com.tencent.af,王牌战士,FPS/射击/竞技,腾讯,<NONE>
com.netease.onmyoji,阴阳师,卡牌/养成/回合制,网易游戏,<NONE>
com.megagame.crosscore,交错战线,角色扮演/日系/机甲,米茄游戏,<NONE>
com.hermes.goda,雷索纳斯,二次元/卡牌/模拟经营,泪雨网络,<NONE>
com.potatoflower.tinyshadows,小小的身影，重叠的内心,模拟/角色扮演/冒险,土豆花制作组,<NONE>
com.tencent.tmgp.qjnn,奇迹暖暖,换装/女性向/养成,腾讯,<NONE>
cn.budapp.biyoudideshijie,碧优蒂的世界,DIY/换装/二次元,BUD互娱,<NONE>
com.BigTrue.Orzmic,Orzmic,音游/二次元/单机,BTWorks,<NONE>
com.fyf.newslggf,异世界的城主大人,养成/模拟经营/卡牌,飞羽飞游戏,<NONE>
com.happyelements.es2,偶像梦幻祭2,音游/女性向/二次元,乐元素科技(北京)股份有限公司,<NONE>
com.miHoYo.enterprise.NGHSoD,崩坏3,动作/二次元/冒险,miHoYo,<NONE>
com.cs.ecykjmnq2,二次元氪金模拟2,收集/养成/二次元,超神网络,<NONE>
game.taptap.ryceam,RYCEAM（TapTap测试版）,二次元/单机/手速,音栖工作室,<NONE>
com.netease.tom,猫和老鼠,休闲/多人联机/动漫,网易游戏,<NONE>
com.netease.ma84,游戏王：决斗链接,策略/二次元/OCG,网易游戏,<NONE>
game.taptap.pfx,Project FX（TapTap测试版）,音游/节奏/下落式,领音游戏,<NONE>
com.tencent.game.rhythmmaster,节奏大师,音游/节奏/手速,腾讯,<NONE>
com.xipu.cwtqmx,唱舞全明星,养成/舞蹈/女性向,上海晋展网络科技有限公司,<NONE>
com.bilibili.star.bili,梦想协奏曲！少女乐团派对！,美少女/音游/日系,哔哩哔哩游戏,<NONE>
com.invictus.giveitup2,永不言弃2,街机/催泪/单机,东品游戏,<NONE>
me.mugzone.emiria,Malody V,节奏/下落式/音游,Mugzone,<NONE>
com.tencent.tmgp.qqx5,QQ炫舞,换装/舞蹈/音游,腾讯,<NONE>
com.ilongyuan.deemo.ly,古树旋律,音游/治愈/唯美,龙渊网络,<NONE>
com.xjhcw.tapcwxjh,唱舞星计划,音游/社交/换装,上海晋展网络科技有限公司,<NONE>
com.rinzz.projectmuse,缪斯计划,音游/电音/单机,Rinzz Co. Ltd.,<NONE>
com.dragonest.cytusre.ly,音乐世界,音游/节奏/唯美,龙渊网络,<NONE>
com.ilongyuan.voez.ly,兰空,音游/高画质/单机,龙渊网络,<NONE>
com.xiaoyinya.TauLink,时羁之律TauLink,休闲/节奏/音游,彩棱工作室,<NONE>
com.xnhd.bxdyf,不休的音符,节奏/音游/休闲,上海犀牛互动网络科技有限公司,<NONE>
com.PandoxProject.Twirdora,Twirdora,单机/音游/节奏,CalitrE Studio,<NONE>
com.uniugame.xinwu,心舞,美少女/舞蹈/二次元,上海游牛,<NONE>
com.wexgames.ycbx,阳春艺曲,音游/国风/剧情,维克斯游戏,<NONE>
com.delta.schipha,Schiphalast,休闲/音游/节奏,变量工作室,<NONE>
com.C11Games.CajonStory,白键上的协奏曲：卡宏往事,独立游戏/音游/二次元,C11 Games,<NONE>
com.xnhd.mygj,命运歌姬,二次元/养成/美少女,上海金戈互娱网络科技有限公司,<NONE>
com.coco.rhythmspeed,节奏狂飙,音游/节奏,CoCo1Game,<NONE>
com.ftaro.music,爱上钢琴移动版,教育/国风/黑暗,杭州鲜芋科技有限公司,<NONE>
com.rinzz.musestreet,缪斯音街,音乐/养成/经营,Rinzz Co. Ltd.,<NONE>
com.gamster.azrael,心音计划,音游/独立游戏/二次元,GAMSTER,<NONE>
com.icesimba.android.vampire,月影别墅,AVG/吸血鬼/女性向,拉萌游戏工作室,<NONE>
com.hnyg.dyzw.topon,地狱之吻,乙女/剧情/恋爱,游一游工作室,<NONE>
com.seasun.jx3,剑网3无界,国风/剧情/角色扮演,西山居游戏,<NONE>
com.cipaishe.wuhua.bilibili,物华弥新,策略/国风/战棋,哔哩哔哩游戏,<NONE>
cn.noctella.galgod,想成为Galgame领域大神！！！,GalGame/剧情/角色扮演,诺提拉观测所,<NONE>
com.netease.skzdhlr,时空中的绘旅人,乙女/剧情/女性向,网易游戏,<NONE>
com.syyx.whrhx,无悔华夏,策略/单机/剧情,乐趣实验室,<NONE>
com.pwrd.persona5x.laohu,女神异闻录：夜幕魅影,角色扮演/二次元/策略,完美世界游戏,<NONE>
com.hnyg.syzl.topon,神域之恋,收集/模拟/文字,游一游工作室,<NONE>
com.zz.mm,弈剑行,动作/多人联机/武侠,青度互娱,<NONE>
com.tencent.tmgp.wuxia,天涯明月刀·世界,捏脸/武侠/高画质,腾讯,<NONE>
com.lanjing.yanyu.lanjing,烟雨江湖,武侠/单机/角色扮演,杭州西米,<NONE>
com.hc.wlxy.tap,武林侠影,策略/放置/Roguelike,醉乐游戏,<NONE>
com.maple.madherogo,暴走英雄坛游戏软件V1.0,武侠/放置/文字,上海晓枫网络科技有限公司,<NONE>
com.zlongame.tdj,天地劫：幽城再临,战棋/卡牌/角色扮演,紫龙游戏,<NONE>
com.netease.wyclx,一梦江湖,高自由度/武侠/MMORPG,网易游戏,<NONE>
com.inlonegame.runescape,千古江湖梦,武侠/卡牌/模拟经营,织梦坊,<NONE>
com.hanjiasongshu.jianghux2,汉家江湖,武侠/角色扮演/战棋,汉家松鼠工作室,<NONE>
com.lywl.xbxxz,想不想修真,竖屏/养成/修仙,鬼市管理员,<NONE>
com.zwsd.wlmj,武林秘籍,武侠/文字/MUD,武林秘籍工作室,<NONE>
com.hcplay.wmjh,无名江湖,放置/卡牌/武侠,弘程游戏,<NONE>
com.tencent.lastblade,末刀,动作/武侠/闯关,腾讯,<NONE>
game.taptap.oneBreath,一息（TapTap测试版）,策略/水墨/休闲,海未起明工作室,<NONE>
com.jynew.wuxia_launch,群侠传，启动！,单机/武侠/角色扮演,侠启游戏,<NONE>
com.Sgame.yzr3.android,影之刃3,动作/角色扮演/武侠,灵游坊,<NONE>
com.xs.xsxkyjh.tap,侠客与江湖,单机/剧情/国风,WSK Game Studio,<NONE>
com.wingjoy.malife.android,江湖人生,武侠/模拟/文字,WINGJOY GAMES,<NONE>
com.xhtt.app.fzjh,放置江湖,文字/武侠/放置,小猴跳跳,<NONE>
com.FiveConvert.ExistFree,无相生,武侠/单机/动作,数簿工作室,<NONE>
com.olym.jianghu.tap,武侠历险记,武侠/放置/策略,皇池游戏,<NONE>
com.hanjiasongshu.dr22,对决！剑之川,角色扮演/策略/剧情,汉家松鼠工作室,<NONE>
com.YiMoXuan.ShuShan,蜀山：初章,开放世界/沙盒/仙侠,重楼工作室,<NONE>
com.wlwzsnzy.tt,武林外传：十年之约,武侠/MMORPG/多人联机,自创武林学院工作室,<NONE>
com.humblegames.fightingx,九黎,动作/武侠/国风,杭州谦游坊科技有限公司,<NONE>
com.twnb.xdqxz,雪刀群侠传,武侠/多人联机/养成,亁闼婆工作室,<NONE>
com.xhl.dmxkl.gfyi2,剑侠传奇,放置/古风/收集,小黑龙网络,<NONE>
com.yofijoy.wdmp,我的门派,模拟经营/经营/养成,白鲸工作室,<NONE>
com.zhcj.xzjh,侠战江湖,养成/MMORPG/多人联机,珠海市创进软件科技有限公司,<NONE>
com.cfx.tfcd,江湖如梦,卡牌/武侠/美少女,旅人计划,<NONE>
com.DreamGames.WuXiaX,武侠乂,武侠/动作/吃鸡,DreamGameStudio,<NONE>
com.whwx.jhyy.taptap,江湖悠悠,武侠/角色扮演/休闲,武汉网贤,<NONE>
com.yunchang.blr3.opensdk,不良人3,高自由度/国风/高画质,云畅游戏,<NONE>
com.cqzjtdwlkjyxgs.mwx,墨武侠,武侠/自由交易/国风,重庆指尖跳动网络科技有限公司,<NONE>
com.papegames.nn4.cn,闪耀暖暖,换装/3D/养成,叠纸游戏,<NONE>
com.yangtao.jxsp,锦绣商铺,模拟经营/换装/古风,广州光之游网络科技有限公司,<NONE>
com.taomee.hua,小花仙：拉贝尔之约,女性向/治愈/养成,上海淘米网络科技有限公司,<NONE>
com.hermes.ygame1,花亦山心之月,女性向/养成/收集,朝夕光年,<NONE>
com.youzu.djlw,刀剑乱舞-ONLINE-,女性向/二次元/卡牌,游族网络,<NONE>
com.papegames.evol,恋与制作人,恋爱/养成/乙女,叠纸游戏,<NONE>
com.netease.idol2,绝对演绎,女性向/养成/模拟,网易游戏,<NONE>
com.ccspace.lovinhouse,落樱小屋,恋爱/模拟/女性向,优路互娱,<NONE>
com.wsj.Imgdt3,万世镜,换装/国风/养成,GFG工作室,<NONE>
com.pujiadev.dotokoi,像素男友,恋爱/女性向/像素,扑家工作室,<NONE>
com.Anidote.TSB_test1,时间对称性破缺,乙女/AVG/单机,阿尼豆,<NONE>
com.zykj.hipposupermarket,疯狂搬超市,女性向/合成/模拟经营,紫曜科技,<NONE>
com.iyloft.LovinHouse2AndroidM3839Online,落樱2：千乐之章,剧情/模拟经营/角色扮演,良心工作室,<NONE>
com.gf.hysnh5cncn.hwyad.hwy,花与绯想,模拟经营/剧情/女性向,苏州沁游网络科技有限公司,<NONE>
com.baitian.szx.lxywq.bt,螺旋圆舞曲,换装/女性向/养成,杭州十字星信息服务有限公司,<NONE>
com.lmq.sx.tap,水乡芳华录,放置/女性向/竖屏,SKY工作室,<NONE>
com.gf.p6cncn.hwyad.hwy,浮生忆玲珑,女性向/古风/捏脸,苏州沁游网络科技有限公司,<NONE>
com.icesimba.android.sxjsl,神仙记事录,AVG/女性向/剧情,拉萌游戏工作室,<NONE>
com.hdg4.g4qlfh,青鸾繁华录,女性向/剧情/模拟,仙地互动,<NONE>
com.soulhd.zaocandian.anzhuo,爷爷的早餐店,模拟经营/经营/种田,魂动,<NONE>
com.canlonggame.museum.apk.taptap,奇趣博物馆,收集/放置/文物,灿龙互娱,<NONE>
com.netease.nshhelper,遇见逆水寒,恋爱/乙女/养成,网易游戏,<NONE>
com.example.HumanBugCleaning,人类Bug清除计划,角色扮演/AVG/乙女,聚光灯 - 子时不卜工作室,<NONE>
com.crossingstar.lxywq2.szx,螺旋圆舞曲2-蔷薇战争,换装/剧情/角色扮演,杭州十字星信息服务有限公司,<NONE>
com.gamebl.mcycwy.mct,萌宠养成物语,收集/单机/放置,blingbling工作室,<NONE>
com.gf.wafcncn.hwyad.hwy,杜拉拉升职记,职场/女性向/换装,苏州沁游网络科技有限公司,<NONE>
com.igg.android.dressuptimeprincesscn,时光公主,换装/3D/剧情,天盟数码,<NONE>
com.gcrest.yume100prince.android.bili,梦王国与沉睡的100王子,恋爱/乙女/女性向,哔哩哔哩游戏,<NONE>
com.screambox.sws,超逼真的攻城模拟器,策略/3D/独立游戏,Screambox Studio,<NONE>
com.sq.sgrsmn.sgt,三国人生模拟,轻度Roguelike/模拟经营/策略,三颗柚工作室,<NONE>
com.east2west.minimetro,模拟地铁,独立游戏/模拟/移植,东品游戏,<NONE>
com.sleeeeepfly.longswords,我的大刀四十米,io/魔性/休闲,睡神飞工作室,<NONE>
com.lms.knight,诸神皇冠,单机/战棋/SRPG,卡皮巴拉,<NONE>
com.tieshu.worklife,打工人生,Roguelike/休闲/竖屏,铁书工作室,<NONE>
com.elecionstudio.xzz,再钢一把,像素/自走棋/Roguelike,超神网络,<NONE>
com.rednexusgames.peglincn.bilibili,哥布林弹球,Roguelike/Steam移植/休闲,IndieArk,<NONE>
com.chillyroom.zhmr.yw,战魂铭人,单机/动作/像素,凉屋游戏,<NONE>
com.chillyroom.hanksbar.yw,汉克旅店,Roguelike/动作/冒险,凉屋游戏,<NONE>
com.yggame.ygrdzd.wjjy.six16,16人格生存日记,角色扮演/剧情/Roguelike,元代码游戏,<NONE>
com.OrangeFlowerCatty.rogueAdventure,冒险者的rogue之旅,像素/竖屏/角色扮演,花花橙子猫,<NONE>
com.thinkmore.kdld,口袋乱斗,Roguelike/自走棋/策略,多想工作室,<NONE>
com.timelessdreamchaserstudio.roguelikeidiomsolitaire,肉鸽成语接龙,单机/竖屏/策略,不老追梦人的工作室,<NONE>
game.taptap.com.nyfz.deliverance,魔堡：最后的仪式（TapTap测试版）,独立游戏/单机/卡牌,肉鸽独立团,<NONE>
